List Sr.No.,Set No.,2025 Set,Name,Country,Age,Specialism,,,2024 Team,2024 IPL,C/U/A,Reserve Price Rs Lakh
,,Retained,Virat Kohli,India,,BATTER,,,RCB,,Capped,2100
,,Retained,Rajat Patidar,India,,BATTER,,,RCB,,Capped,1100
,,Retained,Yash Dayal,India,,BOWLER,,LEFT ARM Fast Medium,RCB,,Uncapped,500
,,Retained,Sanju Samson,India,,WICKETKEEPER,,,RR,,Capped,1800
,,Retained,Yashasvi Jaiswal,India,,BATTER,,,RR,,Capped,1800
,,Retained,Riyan Parag,India,,ALL-ROUNDER,,RIGHT ARM Off Spin,RR,,Capped,1400
,,Retained,Dhruv Jurel,India,,WICKETKEEPER,,,RR,,Capped,1400
,,Retained,Shimron Hetmyer,West Indies,,BATTER,,,RR,,Capped,1100
,,Retained,Sandeep Sharma,India,,BOWLER,,RIGHT ARM Medium,RR,,Uncapped,400
,,Retained,Ruturaj Gaikwad,India,,BATTER,,,CSK,,Capped,1800
,,Retained,Ravindra Jadeja,India,,ALL-ROUNDER,,LEFT ARM Slow Orthodox,CSK,,Capped,1800
,,Retained,Shivam Dube,India,,ALL-ROUNDER,,RIGHT ARM Medium,CSK,,Capped,1300
,,Retained,Matheesha Pathirana,Sri Lanka,,BOWLER,,RIGHT ARM Fast,CSK,,Capped,1200
,,Retained,MS Dhoni,India,,WICKETKEEPER,,,CSK,,Uncapped,400
,,Retained,Rinku Singh,India,,ALL-ROUNDER,,RIGHT ARM Off Spin,KKR,,Capped,1800
,,Retained,Sunil Narine,West Indies,,ALL-ROUNDER,,RIGHT ARM Off Spin,KKR,,Capped,1400
,,Retained,Andre Russell,West Indies,,ALL-ROUNDER,,RIGHT ARM Fast Medium,KKR,,Capped,1800
,,Retained,Varun Chakravarthy,India,,BOWLER,,RIGHT ARM Off Spin,KKR,,Capped,1100
,,Retained,Harshit Rana,India,,BOWLER,,RIGHT ARM Fast,KKR,,Uncapped,400
,,Retained,Ramandeep Singh,India,,ALL-ROUNDER,,RIGHT ARM Medium,KKR,,Uncapped,400
,,Retained,Shashank Singh,India,,BATTER,,,PBKS,,Uncapped,550
,,Retained,Prabhsimran Singh,India,,WICKETKEEPER,,,PBKS,,Uncapped,400
,,Retained,Axar Patel,India,,ALL-ROUNDER,,LEFT ARM Slow Orthodox,DC,,Capped,1800
,,Retained,Kuldeep Yadav,India,,BOWLER,,LEFT ARM Slow Unorthodox,DC,,Capped,1400
,,Retained,Tristan Stubbs,South Africa,,ALL-ROUNDER,,RIGHT ARM Off Spin,DC,,Capped,1100
,,Retained,Abishek Porel,India,,WICKETKEEPER,,,DC,,Uncapped,400
,,Retained,Nicholas Pooran,West Indies,,WICKETKEEPER,,,LSG,,Capped,2100
,,Retained,Ravi Bishnoi,India,,BOWLER,,RIGHT ARM Leg Spin,LSG,,Capped,1100
,,Retained,Mayank Yadav,India,,BOWLER,,RIGHT ARM Fast,LSG,,Capped,1100
,,Retained,Mohsin Khan,India,,BOWLER,,LEFT ARM Fast,LSG,,Uncapped,400
,,Retained,Ayush Badoni,India,,ALL-ROUNDER,,RIGHT ARM Off Spin,LSG,,Uncapped,400
,,Retained,Heinrich Klassen,South Africa,,WICKETKEEPER,,,SRH,,Capped,2300
,,Retained,Pat Cummins,Australia,,BOWLER,,RIGHT ARM Fast,SRH,,Capped,1800
,,Retained,Abhishek Sharma,India,,ALL-ROUNDER,,RIGHT ARM Off Spin,SRH,,Capped,1400
,,Retained,Travis Head,Australia,,BATTER,,,SRH,,Capped,1400
,,Retained,Nitish Kumar Reddy,India,,ALL-ROUNDER,,RIGHT ARM Fast Medium,SRH,,Capped,600
,,Retained,Rashid Khan,Afghanistan,,ALL-ROUNDER,,RIGHT ARM Leg Spin,GT,,Capped,1800
,,Retained,Shubhman Gill,India,,BATTER,,,GT,,Capped,1650
,,Retained,Sai Sudarsan,India,,BATTER,,,GT,,Capped,850
,,Retained,M Shahrukh Khan,India,,ALL-ROUNDER,,RIGHT ARM Off Spin,GT,,Uncapped,400
,,Retained,Rahul Tewatia,India,,ALL-ROUNDER,,RIGHT ARM Off Spin,GT,,Uncapped,400
,,Retained,Jasprit Bumrah,India,,BOWLER,,RIGHT ARM Fast,MI,,Capped,1800
,,Retained,Suryakumar Yadav,India,,BATTER,,,MI,,Capped,1635
,,Retained,Hardik Pandya,India,,ALL-ROUNDER,,RIGHT ARM Fast,MI,,Capped,1635
,,Retained,Rohit Sharma,India,,BATTER,,,MI,,Capped,1630
,,Retained,Tilak Varma,India,,ALL-ROUNDER,,RIGHT ARM Off Spin,MI,,Capped,800
1,1,M1,Jos Buttler,England,34,WICKETKEEPER,RHB,RIGHT ARM Off Spin,RR,11,Capped,200
2,1,M1,Shreyas Iyer,India,30,BATTER,RHB,RIGHT ARM Off Spin,KKR,15,Capped,200
3,1,M1,Rishabh Pant,India,27,BATTER,LHB,RIGHT ARM Off Spin,DC,13,Capped,200
4,1,M1,Kagiso Rabada,South Africa,29,BOWLER,RHB,RIGHT ARM Fast,PBKS,11,Capped,200
5,1,M1,Arshdeep Singh,India,26,BOWLER,LHB,LEFT ARM Fast Medium,PBKS,14,Capped,200
6,1,M1,Mitchell Starc,Australia,35,BOWLER,LHB,LEFT ARM Fast,KKR,14,Capped,200
7,2,M2,Yuzvendra Chahal,India,34,BOWLER,RHB,RIGHT ARM Leg Spin,RR,15,Capped,200
8,2,M2,Liam Livingstone,England,31,ALL-ROUNDER,RHB,RIGHT ARM Leg Spin,PBKS,7,Capped,200
9,2,M2,David Miller,South Africa,35,BATTER,LHB,,GT,9,Capped,150
10,2,M2,KL Rahul,India,32,WICKETKEEPER,RHB,,LSG,14,Capped,200
11,2,M2,Mohammad Shami,India,34,BOWLER,RHB,RIGHT ARM Fast,GT,0,Capped,200
12,2,M2,Mohammad Siraj,India,31,BOWLER,RHB,RIGHT ARM Fast,RCB,14,Capped,200
13,3,BA1,Harry Brook,England,26,BATTER,RHB,RIGHT ARM Medium,DC,0,Capped,200
14,3,BA1,Devon Conway,New Zealand,33,BATTER,LHB,,CSK,0,Capped,200
15,3,BA1,Jake Fraser-Mcgurk,Australia,22,BATTER,RHB,,DC,9,Capped,200
16,3,BA1,Aiden Markram,South Africa,30,BATTER,RHB,RIGHT ARM Off Spin,SRH,11,Capped,200
17,3,BA1,Devdutt Padikkal,India,24,BATTER,LHB,,LSG,7,Capped,200
18,3,BA1,Rahul Tripathi,India,34,BATTER,RHB,RIGHT ARM Medium,SRH,6,Capped,75
19,3,BA1,David Warner,Australia,38,BATTER,LHB,,DC,8,Capped,200
20,4,AL1,Ravichandaran Ashwin,India,38,ALL-ROUNDER,RHB,RIGHT ARM Off Spin,RR,15,Capped,200
21,4,AL1,Venkatesh Iyer,India,30,ALL-ROUNDER,LHB,RIGHT ARM Medium,KKR,15,Capped,200
22,4,AL1,Mitchell Marsh,Australia,33,ALL-ROUNDER,RHB,RIGHT ARM Fast,DC,4,Capped,200
23,4,AL1,Glenn Maxwell,Australia,36,ALL-ROUNDER,RHB,RIGHT ARM Off Spin,RCB,10,Capped,200
24,4,AL1,Harshal Patel,India,34,ALL-ROUNDER,RHB,RIGHT ARM Fast Medium,PBKS,14,Capped,200
25,4,AL1,Rachin Ravindra,New Zealand,25,ALL-ROUNDER,LHB,LEFT ARM Slow Orthodox,CSK,10,Capped,150
26,4,AL1,Marcus Stoinis,Australia,35,ALL-ROUNDER,RHB,RIGHT ARM Fast,LSG,14,Capped,200
27,5,WK1,Jonny Bairstow,England,35,WICKETKEEPER,RHB,RIGHT ARM Medium,PBKS,11,Capped,200
28,5,WK1,Quinton De Kock,South Africa,32,WICKETKEEPER,LHB,,LSG,11,Capped,200
29,5,WK1,Rahmanullah Gurbaz,Afghanistan,23,WICKETKEEPER,RHB,,KKR,3,Capped,200
30,5,WK1,Ishan Kishan,India,26,WICKETKEEPER,LHB,,MI,14,Capped,200
31,5,WK1,Phil Salt,England,28,WICKETKEEPER,RHB,,KKR,12,Capped,200
32,5,WK1,Jitesh Sharma,India,31,WICKETKEEPER,RHB,,PBKS,14,Capped,100
33,6,FA1,Syed Khaleel Ahmed,India,27,BOWLER,RHB,LEFT ARM Fast Medium,DC,14,Capped,200
34,6,FA1,Trent Boult,New Zealand,35,BOWLER,RHB,LEFT ARM Fast Medium,RR,16,Capped,200
35,6,FA1,Josh Hazlewood,Australia,34,BOWLER,LHB,RIGHT ARM Fast Medium,,,Capped,200
36,6,FA1,Avesh Khan,India,28,BOWLER,RHB,RIGHT ARM Fast,RR,16,Capped,200
37,6,FA1,Prasidh Krishna,India,29,BOWLER,RHB,RIGHT ARM Fast,RR,0,Capped,200
38,6,FA1,T. Natarajan,India,33,BOWLER,LHB,LEFT ARM Fast Medium,SRH,14,Capped,200
39,6,FA1,Anrich Nortje,South Africa,31,BOWLER,RHB,RIGHT ARM Fast,DC,6,Capped,200
40,7,SP1,Noor Ahmad,Afghanistan,20,BOWLER,RHB,LEFT ARM Slow Unorthodox,GT,10,Capped,200
41,7,SP1,Rahul Chahar,India,25,BOWLER,RHB,RIGHT ARM Leg Spin,PBKS,9,Capped,100
42,7,SP1,Wanindu Hasaranga,Sri Lanka,27,BOWLER,RHB,RIGHT ARM Leg Spin,SRH,0,Capped,200
43,7,SP1,Waqar Salamkheil,Afghanistan,23,BOWLER,RHB,LEFT ARM Slow Unorthodox,,,Capped,75
44,7,SP1,Maheesh Theekshana,Sri Lanka,24,BOWLER,RHB,RIGHT ARM Off Spin,CSK,5,Capped,200
45,7,SP1,Adam Zampa,Australia,32,BOWLER,RHB,RIGHT ARM Leg Spin,RR,0,Capped,200
46,8,UBA1,Yash Dhull,India,22,BATTER,RHB,,DC,0,Uncapped,30
47,8,UBA1,Abhinav Manohar,India,30,BATTER,RHB,RIGHT ARM Leg Spin,GT,2,Uncapped,30
48,8,UBA1,Karun Nair,India,33,BATTER,RHB,RIGHT ARM Off Spin,,,Uncapped,30
49,8,UBA1,Angkrish Raghuvanshi,India,20,BATTER,RHB,RIGHT ARM Off Spin,KKR,10,Uncapped,30
50,8,UBA1,Anmolpreet Singh,India,27,BATTER,RHB,RIGHT ARM Off Spin,SRH,2,Uncapped,30
51,8,UBA1,Atharva Taide,India,24,BATTER,LHB,LEFT ARM Slow Orthodox,PBKS,2,Uncapped,30
52,8,UBA1,Nehal Wadhera,India,24,BATTER,LHB,RIGHT ARM Leg Spin,MI,6,Uncapped,30
53,9,UAL1,Harpreet Brar,India,29,ALL-ROUNDER,LHB,LEFT ARM Slow Orthodox,PBKS,13,Uncapped,30
54,9,UAL1,Naman Dhir,India,25,ALL-ROUNDER,RHB,RIGHT ARM Off Spin,MI,7,Uncapped,30
55,9,UAL1,Mahipal Lomror,India,25,ALL-ROUNDER,LHB,LEFT ARM Slow Orthodox,RCB,10,Uncapped,50
56,9,UAL1,Sameer Rizvi,India,21,ALL-ROUNDER,RHB,RIGHT ARM Leg Spin,CSK,9,Uncapped,30
57,9,UAL1,Abdul Samad,India,23,ALL-ROUNDER,RHB,RIGHT ARM Leg Spin,SRH,16,Uncapped,30
58,9,UAL1,Vijay Shankar,India,34,ALL-ROUNDER,RHB,RIGHT ARM Medium,GT,7,Uncapped,30
59,9,UAL1,Ashutosh Sharma,India,26,ALL-ROUNDER,RHB,RIGHT ARM Medium,PBKS,11,Uncapped,30
60,9,UAL1,Nishant Sindhu,India,20,ALL-ROUNDER,LHB,LEFT ARM Slow Orthodox,CSK,0,Uncapped,30
61,9,UAL1,Utkarsh Singh,India,26,ALL-ROUNDER,LHB,RIGHT ARM Off Spin,,,Uncapped,30
62,10,UWK1,Aryan Juyal,India,23,WICKETKEEPER,RHB,RIGHT ARM Off Spin,,,Uncapped,30
63,10,UWK1,Kumar Kushagra,India,20,WICKETKEEPER,RHB,,GT,0,Uncapped,30
64,10,UWK1,Robin Minz,India,22,WICKETKEEPER,LHB,RIGHT ARM Off Spin,GT,0,Uncapped,30
65,10,UWK1,Anuj Rawat,India,25,WICKETKEEPER,LHB,RIGHT ARM Leg Spin,RCB,5,Uncapped,30
66,10,UWK1,Luvnith Sisodia,India,25,WICKETKEEPER,LHB,,,,Uncapped,30
67,10,UWK1,Vishnu Vinod,India,31,WICKETKEEPER,RHB,,MI,0,Uncapped,30
68,10,UWK1,Upendra Singh Yadav,India,28,WICKETKEEPER,RHB,,SRH,0,Uncapped,30
69,11,UFA1,Vaibhav Arora,India,27,BOWLER,RHB,RIGHT ARM Fast Medium,KKR,10,Uncapped,30
70,11,UFA1,Rasikh Dar,India,25,BOWLER,RHB,RIGHT ARM Fast Medium,DC,8,Uncapped,30
71,11,UFA1,Akash Madhwal,India,31,BOWLER,RHB,RIGHT ARM Fast,MI,5,Uncapped,30
72,11,UFA1,Mohit Sharma,India,36,BOWLER,RHB,RIGHT ARM Fast,GT,12,Uncapped,50
73,11,UFA1,Simarjeet Singh,India,27,BOWLER,RHB,RIGHT ARM Fast,CSK,4,Uncapped,30
74,11,UFA1,Yash Thakur,India,26,BOWLER,RHB,RIGHT ARM Fast Medium,LSG,10,Uncapped,30
75,11,UFA1,Kartik Tyagi,India,24,BOWLER,RHB,RIGHT ARM Fast,GT,1,Uncapped,40
76,11,UFA1,Vyshak Vijaykumar,India,28,BOWLER,RHB,RIGHT ARM Fast Medium,RCB,4,Uncapped,30
77,12,USP1,Piyush Chawla,India,36,BOWLER,LHB,RIGHT ARM Leg Spin,MI,11,Uncapped,50
78,12,USP1,Shreyas Gopal,India,31,BOWLER,RHB,RIGHT ARM Leg Spin,MI,3,Uncapped,30
79,12,USP1,Mayank Markande,India,27,BOWLER,RHB,RIGHT ARM Leg Spin,SRH,7,Uncapped,30
80,12,USP1,Suyash Sharma,India,21,BOWLER,RHB,RIGHT ARM Leg Spin,KKR,2,Uncapped,30
81,12,USP1,Karn Sharma,India,37,BOWLER,LHB,RIGHT ARM Leg Spin,RCB,9,Uncapped,50
82,12,USP1,Kumar Kartikeya Singh,India,27,BOWLER,RHB,LEFT ARM Slow Orthodox,MI,0,Uncapped,30
83,12,USP1,Manav Suthar,India,22,BOWLER,LHB,LEFT ARM Slow Orthodox,GT,0,Uncapped,30
84,13,BA2,Mayank Agarawal,India,34,BATTER,RHB,RIGHT ARM Off Spin,SRH,4,Capped,100
85,13,BA2,Faf Du Plessis,South Africa,40,BATTER,RHB,,RCB,15,Capped,200
86,13,BA2,Glenn Phillips,New Zealand,28,BATTER,RHB,RIGHT ARM Off Spin,SRH,0,Capped,200
87,13,BA2,Rovman Powell,West Indies,31,BATTER,RHB,RIGHT ARM Fast Medium,RR,10,Capped,150
88,13,BA2,Ajinkya Rahane,India,36,BATTER,RHB,,CSK,13,Capped,150
89,13,BA2,Prithvi Shaw,India,25,BATTER,RHB,,DC,8,Capped,75
90,13,BA2,Kane Williamson,New Zealand,34,BATTER,RHB,,GT,2,Capped,200
91,14,AL2,Sam Curran,England,26,ALL-ROUNDER,LHB,LEFT ARM Fast Medium,PBKS,13,Capped,200
92,14,AL2,Marco Jansen,South Africa,24,ALL-ROUNDER,RHB,LEFT ARM Fast,SRH,3,Capped,125
93,14,AL2,Daryl Mitchell,New Zealand,33,ALL-ROUNDER,RHB,RIGHT ARM Medium,CSK,12,Capped,200
94,14,AL2,Krunal Pandya,India,34,ALL-ROUNDER,LHB,LEFT ARM Slow Orthodox,LSG,14,Capped,200
95,14,AL2,Nitish Rana,India,31,ALL-ROUNDER,LHB,RIGHT ARM Off Spin,KKR,2,Capped,150
96,14,AL2,Washington Sundar,India,25,ALL-ROUNDER,LHB,RIGHT ARM Off Spin,SRH,2,Capped,200
97,14,AL2,Shardul Thakur,India,33,ALL-ROUNDER,RHB,RIGHT ARM Fast Medium,CSK,9,Capped,200
98,15,WK2,K.S Bharat,India,31,WICKETKEEPER,RHB,,KKR,0,Capped,75
99,15,WK2,Alex Carey,Australia,33,WICKETKEEPER,LHB,,,,Capped,100
100,15,WK2,Donovan Ferreira,South Africa,26,WICKETKEEPER,RHB,RIGHT ARM Off Spin,RR,2,Capped,75
101,15,WK2,Shai Hope,West Indies,31,WICKETKEEPER,RHB,,DC,9,Capped,125
102,15,WK2,Josh Inglis,Australia,30,WICKETKEEPER,RHB,,,,Capped,200
103,15,WK2,Ryan Rickelton,South Africa,28,WICKETKEEPER,LHB,,,,Capped,100
104,16,FA2,Deepak Chahar,India,32,BOWLER,RHB,RIGHT ARM Fast Medium,CSK,8,Capped,200
105,16,FA2,Gerald Coetzee,South Africa,24,BOWLER,RHB,RIGHT ARM Fast,Mi,10,Capped,125
106,16,FA2,Akash Deep,India,28,BOWLER,RHB,RIGHT ARM Fast,RCB,1,Capped,100
107,16,FA2,Tushar Deshpande,India,29,BOWLER,LHB,RIGHT ARM Fast,CSK,13,Capped,100
108,16,FA2,Lockie Ferguson,New Zealand,33,BOWLER,RHB,RIGHT ARM Fast,RCB,7,Capped,200
109,16,FA2,Bhuvneshwar Kumar,India,35,BOWLER,RHB,RIGHT ARM Fast Medium,SRH,16,Capped,200
110,16,FA2,Mukesh Kumar,India,31,BOWLER,RHB,RIGHT ARM Fast Medium,DC,10,Capped,200
111,17,SP2,Allah Ghazanfar,Afghanistan,19,BOWLER,RHB,RIGHT ARM Off Spin,KKR,0,Capped,75
112,17,SP2,Akeal Hosein,West Indies,31,BOWLER,LHB,LEFT ARM Slow Orthodox,,,Capped,150
113,17,SP2,Keshav Maharaj,South Africa,35,BOWLER,RHB,LEFT ARM Slow Orthodox,RR,2,Capped,75
114,17,SP2,Mujeeb Ur Rahman,Afghanistan,24,BOWLER,RHB,RIGHT ARM Off Spin,,,Capped,200
115,17,SP2,Adil Rashid,England,37,BOWLER,RHB,RIGHT ARM Leg Spin,,,Capped,200
116,17,SP2,Vijayakanth Viyaskanth,Sri Lanka,23,BOWLER,RHB,RIGHT ARM Leg Spin,SRH,3,Capped,75
117,18,UBA2,Ricky Bhui,India,28,BATTER,RHB,,DC,2,Uncapped,30
118,18,UBA2,Swastik Chhikara,India,20,BATTER,RHB,RIGHT ARM Off Spin,DC,0,Uncapped,30
119,18,UBA2,Aarya Desai,India,22,BATTER,LHB,RIGHT ARM Off Spin,,,Uncapped,30
120,18,UBA2,Shubham Dubey,India,30,BATTER,LHB,RIGHT ARM Off Spin,RR,0,Uncapped,30
121,18,UBA2,Madhav Kaushik,India,27,BATTER,RHB,RIGHT ARM Off Spin,,,Uncapped,30
122,18,UBA2,Pukhraj Mann,India,23,BATTER,LHB,RIGHT ARM Off Spin,,,Uncapped,30
123,18,UBA2,Shaik Rasheed,India,20,BATTER,RHB,RIGHT ARM Leg Spin,CSK,0,Uncapped,30
124,18,UBA2,Himmat Singh,India,28,BATTER,RHB,RIGHT ARM Off Spin,,,Uncapped,30
125,19,UAL2,Mayank Dagar,India,28,ALL-ROUNDER,RHB,LEFT ARM Slow Orthodox,RCB,5,Uncapped,30
126,19,UAL2,Anshul Kamboj,India,24,ALL-ROUNDER,RHB,RIGHT ARM Fast Medium,MI,3,Uncapped,30
127,19,UAL2,Mohd. Arshad Khan,India,27,ALL-ROUNDER,LHB,LEFT ARM Fast Medium,LSG,4,Uncapped,30
128,19,UAL2,Darshan Nalkande,India,26,ALL-ROUNDER,RHB,RIGHT ARM Fast Medium,GT,3,Uncapped,30
129,19,UAL2,Suyash Prabhudessai,India,27,ALL-ROUNDER,RHB,RIGHT ARM Fast,RCB,11,Uncapped,30
130,19,UAL2,Anukul Roy,India,26,ALL-ROUNDER,LHB,LEFT ARM Slow Orthodox,KKR,4,Uncapped,30
131,19,UAL2,Swapnil Singh,India,34,ALL-ROUNDER,RHB,LEFT ARM Slow Orthodox,PBKS,7,Uncapped,30
132,19,UAL2,Sanvir Singh,India,28,ALL-ROUNDER,RHB,RIGHT ARM Fast,SRH,4,Uncapped,30
133,20,UWK2,Avanish Aravelly,India,19,WICKETKEEPER,LHB,RIGHT ARM Off Spin,CSK,0,Uncapped,30
134,20,UWK2,Vansh Bedi,India,22,WICKETKEEPER,RHB,,,,Uncapped,30
135,20,UWK2,Saurav Chauhan,India,24,WICKETKEEPER,LHB,RIGHT ARM Off Spin,RCB,3,Uncapped,30
136,20,UWK2,Harvik Desai,India,25,WICKETKEEPER,RHB,,MI,0,Uncapped,30
137,20,UWK2,Tom Kohler-Cadmore,England,30,WICKETKEEPER,RHB,,RR,4,Uncapped,50
138,20,UWK2,Kunal Rathore,India,22,WICKETKEEPER,LHB,RIGHT ARM Off Spin,RR,0,Uncapped,30
139,20,UWK2,B.R Sharath,India,28,WICKETKEEPER,RHB,,GT,1,Uncapped,30
140,21,UFA2,Gurnoor Singh Brar,India,24,BOWLER,LHB,RIGHT ARM Fast,GT,0,Uncapped,30
141,21,UFA2,Mukesh Choudhary,India,28,BOWLER,LHB,LEFT ARM Fast,CSK,1,Uncapped,30
142,21,UFA2,Sakib Hussain,India,20,BOWLER,RHB,RIGHT ARM Fast Medium,KKR,0,Uncapped,30
143,21,UFA2,Vidwath Kaverappa,India,26,BOWLER,RHB,RIGHT ARM Fast Medium,PBKS,1,Uncapped,30
144,21,UFA2,Rajan Kumar,India,28,BOWLER,LHB,LEFT ARM Fast,RCB,0,Uncapped,30
145,21,UFA2,Sushant Mishra,India,24,BOWLER,LHB,LEFT ARM Fast,GT,0,Uncapped,30
146,21,UFA2,Arjun Tendulkar,India,25,BOWLER,LHB,LEFT ARM Fast Medium,MI,1,Uncapped,30
147,22,USP2,Zeeshan Ansari,India,25,BOWLER,RHB,RIGHT ARM Leg Spin,,,Uncapped,30
148,22,USP2,Prince Choudhary,India,25,BOWLER,RHB,RIGHT ARM Leg Spin,PBKS,0,Uncapped,30
149,22,USP2,Himanshu Sharma,India,26,BOWLER,RHB,RIGHT ARM Leg Spin,RCB,1,Uncapped,30
150,22,USP2,M. Siddharth,India,26,BOWLER,RHB,LEFT ARM Slow Orthodox,LSG,3,Uncapped,30
151,22,USP2,Digvesh Singh,India,25,BOWLER,RHB,RIGHT ARM Leg Spin,,,Uncapped,30
152,22,USP2,Prashant Solanki,India,25,BOWLER,RHB,RIGHT ARM Leg Spin,CSK,0,Uncapped,30
153,22,USP2,Jhathavedh Subramanyan,India,25,BOWLER,RHB,RIGHT ARM Leg Spin,SRH,0,Uncapped,30
154,23,BA3,Finn Allen,New Zealand,25,BATTER,RHB,,,,Capped,200
155,23,BA3,Dewald Brevis,South Africa,21,BATTER,RHB,RIGHT ARM Leg Spin,MI,3,Capped,75
156,23,BA3,Ben Duckett,England,30,BATTER,LHB,,,,Capped,200
157,23,BA3,Manish Pandey,India,35,BATTER,RHB,,KKR,1,Capped,75
158,23,BA3,Rilee Rossouw,South Africa,35,BATTER,LHB,,PBKS,8,Capped,200
159,23,BA3,Sherfane Rutherford,West Indies,26,BATTER,LHB,RIGHT ARM Fast Medium,KKR,0,Capped,150
160,23,BA3,Ashton Turner,Australia,32,BATTER,RHB,RIGHT ARM Off Spin,LSG,2,Capped,100
161,23,BA3,James Vince,England,34,BATTER,RHB,,,,Capped,200
162,24,AL3,Shahbaz Ahamad,India,30,ALL-ROUNDER,LHB,LEFT ARM Slow Orthodox,SRH,16,Capped,100
163,24,AL3,Moeen Ali,England,37,ALL-ROUNDER,LHB,RIGHT ARM Off Spin,CSK,8,Capped,200
164,24,AL3,Tim David,Australia,29,ALL-ROUNDER,RHB,RIGHT ARM Off Spin,MI,13,Capped,200
165,24,AL3,Deepak Hooda,India,29,ALL-ROUNDER,RHB,RIGHT ARM Off Spin,LSG,11,Capped,75
166,24,AL3,Will Jacks,England,26,ALL-ROUNDER,RHB,RIGHT ARM Off Spin,RCB,8,Capped,200
167,24,AL3,Azmatullah Omarzai,Afghanistan,25,ALL-ROUNDER,RHB,RIGHT ARM Fast Medium,GT,7,Capped,150
168,24,AL3,R. Sai Kishore,India,28,ALL-ROUNDER,LHB,LEFT ARM Slow Unorthodox,GT,5,Capped,75
169,24,AL3,Romario Shepherd,West Indies,30,ALL-ROUNDER,RHB,RIGHT ARM Fast,MI,6,Capped,150
170,25,WK3,Tom Banton,England,26,WICKETKEEPER,RHB,RIGHT ARM Off Spin,,,Capped,200
171,25,WK3,Sam Billings,England,33,WICKETKEEPER,RHB,,,,Capped,150
172,25,WK3,Jordan Cox,England,24,WICKETKEEPER,RHB,,,,Capped,125
173,25,WK3,Ben McDermott,Australia,30,WICKETKEEPER,RHB,RIGHT ARM Off Spin,,,Capped,75
174,25,WK3,Kusal Mendis,Sri Lanka,30,WICKETKEEPER,RHB,RIGHT ARM Leg Spin,,,Capped,75
175,25,WK3,Kusal Perera,Sri Lanka,34,WICKETKEEPER,LHB,,,,Capped,75
176,25,WK3,Josh Philippe,Australia,27,WICKETKEEPER,RHB,,,,Capped,75
177,25,WK3,Tim Seifert,New Zealand,30,WICKETKEEPER,RHB,,,,Capped,125
178,26,FA3,Nandre Burger,South Africa,29,BOWLER,LHB,LEFT ARM Fast,RR,6,Capped,125
179,26,FA3,Spencer Johnson,Australia,29,BOWLER,LHB,LEFT ARM Fast,GT,5,Capped,200
180,26,FA3,Umran Malik,India,25,BOWLER,RHB,RIGHT ARM Fast,SRH,1,Capped,75
181,26,FA3,Mustafizur Rahman,Bangladesh,29,BOWLER,LHB,LEFT ARM Fast,CSK,9,Capped,200
182,26,FA3,Ishant Sharma,India,36,BOWLER,RHB,RIGHT ARM Fast,DC,9,Capped,75
183,26,FA3,Nuwan Thushara,Sri Lanka,30,BOWLER,RHB,RIGHT ARM Fast,MI,7,Capped,75
184,26,FA3,Naveen Ul Haq,Afghanistan,25,BOWLER,RHB,RIGHT ARM Medium,LSG,10,Capped,200
185,26,FA3,Jaydev Unadkat,India,33,BOWLER,RHB,LEFT ARM Fast Medium,SRH,11,Capped,100
186,26,FA3,Umesh Yadav,India,37,BOWLER,RHB,RIGHT ARM Fast Medium,GT,7,Capped,200
187,27,SP3,Rishad Hossain,Bangladesh,22,BOWLER,RHB,RIGHT ARM Leg Spin,,,Capped,75
188,27,SP3,Zahir Khan Pakten,Afghanistan,26,BOWLER,LHB,LEFT ARM Slow Unorthodox,,,Capped,75
189,27,SP3,Nqabayomzi Peter,South Africa,23,BOWLER,RHB,RIGHT ARM Leg Spin,,,Capped,75
190,27,SP3,Tanveer Sangha,Australia,23,BOWLER,RHB,RIGHT ARM Leg Spin,,,Capped,75
191,27,SP3,Tabraiz Shamsi,South Africa,35,BOWLER,RHB,LEFT ARM Slow Unorthodox,,,Capped,200
192,27,SP3,Jeffery Vandersay,Sri Lanka,35,BOWLER,RHB,RIGHT ARM Leg Spin,,,Capped,75
193,28,UBA3,Sachin Baby,India,36,BATTER,LHB,RIGHT ARM Off Spin,,,Uncapped,30
194,28,UBA3,Priyam Garg,India,24,BATTER,RHB,,,,Uncapped,30
195,28,UBA3,Harnoor Pannu,India,22,BATTER,LHB,RIGHT ARM Leg Spin,,,Uncapped,30
196,28,UBA3,Smaran Ravichandran,India,21,BATTER,LHB,RIGHT ARM Off Spin,,,Uncapped,30
197,28,UBA3,Shashwat Rawat,India,24,BATTER,RHB,RIGHT ARM Medium,,,Uncapped,30
198,28,UBA3,Andre Siddarth,India,18,BATTER,RHB,,,,Uncapped,30
199,28,UBA3,Avneesh Sudha,India,23,BATTER,RHB,RIGHT ARM Off Spin,,,Uncapped,30
200,28,UBA3,Apoorv Wankhade,India,33,BATTER,RHB,,,,Uncapped,30
201,29,UAL3,Yudhvir Charak,India,27,ALL-ROUNDER,RHB,RIGHT ARM Fast Medium,LSG,2,Uncapped,30
202,29,UAL3,Rishi Dhawan,India,35,ALL-ROUNDER,RHB,RIGHT ARM Fast Medium,PBKS,1,Uncapped,30
203,29,UAL3,Rajvardhan Hangargekar,India,22,ALL-ROUNDER,RHB,RIGHT ARM Fast Medium,CSK,0,Uncapped,30
204,29,UAL3,Tanush Kotian,India,26,ALL-ROUNDER,RHB,RIGHT ARM Off Spin,RR,1,Uncapped,30
205,29,UAL3,Arshin Kulkarni,India,20,ALL-ROUNDER,RHB,RIGHT ARM Fast Medium,LSG,2,Uncapped,30
206,29,UAL3,Shams Mulani,India,28,ALL-ROUNDER,LHB,LEFT ARM Slow Orthodox,MI,2,Uncapped,30
207,29,UAL3,Shivam Singh,India,29,ALL-ROUNDER,RHB,RIGHT ARM Off Spin,PBKS,1,Uncapped,30
208,29,UAL3,Lalit Yadav,India,28,ALL-ROUNDER,RHB,RIGHT ARM Off Spin,DC,2,Uncapped,30
209,30,UWK3,Mohammed Azharuddeen,India,31,WICKETKEEPER,RHB,,,,Uncapped,30
210,30,UWK3,L.R Chethan,India,24,WICKETKEEPER,RHB,RIGHT ARM Off Spin,,,Uncapped,30
211,30,UWK3,Aryaman Singh Dhaliwal,India,22,WICKETKEEPER,RHB,LEFT ARM Slow Orthodox,,,Uncapped,30
212,30,UWK3,Urvil Patel,India,26,WICKETKEEPER,RHB,,,,Uncapped,30
213,30,UWK3,Sanskar Rawat,India,19,WICKETKEEPER,LHB,,,,Uncapped,30
214,30,UWK3,Bipin Saurabh,India,25,WICKETKEEPER,RHB,RIGHT ARM Off Spin,,,Uncapped,30
215,30,UWK3,Tanay Thyagarajann,India,29,WICKETKEEPER,LHB,LEFT ARM Slow Orthodox,,,Uncapped,30
216,31,UFA3,Money Grewal,India,24,BOWLER,RHB,RIGHT ARM Fast,,,Uncapped,30
217,31,UFA3,Ashwani Kumar,India,23,BOWLER,LHB,LEFT ARM Fast,,,Uncapped,30
218,31,UFA3,Ishan Porel,India,26,BOWLER,RHB,RIGHT ARM Fast Medium,,,Uncapped,30
219,31,UFA3,Abhilash Shetty,India,26,BOWLER,LHB,LEFT ARM Fast Medium,,,Uncapped,30
220,31,UFA3,Akash Singh,India,22,BOWLER,RHB,LEFT ARM Fast,,,Uncapped,30
221,31,UFA3,Gurjapneet Singh,India,26,BOWLER,RHB,LEFT ARM Fast Medium,,,Uncapped,30
222,31,UFA3,Basil Thampi,India,31,BOWLER,RHB,RIGHT ARM Fast,,,Uncapped,30
223,32,USP3,Murugan Ashwin,India,34,BOWLER,RHB,RIGHT ARM Leg Spin,,,Uncapped,30
224,32,USP3,Shreyas Chavan,India,21,BOWLER,LHB,RIGHT ARM Leg Spin,,,Uncapped,30
225,32,USP3,Chintal Gandhi,India,30,BOWLER,LHB,RIGHT ARM Leg Spin,,,Uncapped,30
226,32,USP3,Raghav Goyal,India,23,BOWLER,LHB,LEFT ARM Slow Unorthodox,,,Uncapped,30
227,32,USP3,Jagadeesha Suchith,India,31,BOWLER,LHB,LEFT ARM Slow Orthodox,,,Uncapped,30
228,32,USP3,Roshan Waghsare,India,21,BOWLER,RHB,LEFT ARM Slow Unorthodox,,,Uncapped,30
229,32,USP3,Bailapudi Yeswanth,India,20,BOWLER,RHB,RIGHT ARM Leg Spin,,,Uncapped,30
230,33,BA4,Sediqullah Atal,Afghanistan,23,BATTER,LHB,,,,Capped,75
231,33,BA4,Matthew Breetzke,South Africa,26,BATTER,RHB,,,,Capped,75
232,33,BA4,Mark Chapman,New Zealand,30,BATTER,LHB,LEFT ARM Slow Orthodox,,,Capped,150
233,33,BA4,Brandon King,West Indies,30,BATTER,RHB,RIGHT ARM Off Spin,,,Capped,75
234,33,BA4,Evin Lewis,West Indies,33,BATTER,LHB,,,,Capped,200
235,33,BA4,Pathum Nissanka,Sri Lanka,26,BATTER,RHB,RIGHT ARM Off Spin,,,Capped,75
236,33,BA4,Bhanuka Rajapaksa,Sri Lanka,33,BATTER,LHB,,,,Capped,75
237,33,BA4,Steve Smith,Australia,35,BATTER,RHB,,,,Capped,200
238,34,AL4,Gus Atkinson,England,27,ALL-ROUNDER,RHB,RIGHT ARM Fast,KKR,0,Capped,200
239,34,AL4,Tom Curran,England,30,ALL-ROUNDER,RHB,RIGHT ARM Fast Medium,RCB,0,Capped,200
240,34,AL4,Krishnappa Gowtham,India,36,ALL-ROUNDER,RHB,RIGHT ARM Off Spin,LSG,1,Capped,100
241,34,AL4,Mohammad Nabi,Afghanistan,40,ALL-ROUNDER,RHB,RIGHT ARM Off Spin,MI,2,Capped,150
242,34,AL4,Gulbadin Naib,Afghanistan,33,ALL-ROUNDER,RHB,RIGHT ARM Fast Medium,DC,2,Capped,100
243,34,AL4,Sikandar Raza,Zimbabwe,38,ALL-ROUNDER,RHB,RIGHT ARM Off Spin,PBKS,2,Capped,125
244,34,AL4,Mitchell Santner,New Zealand,33,ALL-ROUNDER,LHB,LEFT ARM Slow Orthodox,CSK,3,Capped,200
245,34,AL4,Jayant Yadav,India,35,ALL-ROUNDER,RHB,RIGHT ARM Off Spin,GT,0,Capped,75
246,35,WK4,Johnson Charles,West Indies,36,WICKETKEEPER,RHB,RIGHT ARM Off Spin,,,Capped,75
247,35,WK4,Litton Das,Bangladesh,30,WICKETKEEPER,RHB,RIGHT ARM Off Spin,,,Capped,75
248,35,WK4,Andre Fletcher,West Indies,37,WICKETKEEPER,RHB,RIGHT ARM Leg Spin,,,Capped,75
249,35,WK4,Tom Latham,New Zealand,33,WICKETKEEPER,LHB,,,,Capped,150
250,35,WK4,Ollie Pope,England,27,WICKETKEEPER,RHB,,,,Capped,75
251,35,WK4,Kyle Verreynne,South Africa,27,WICKETKEEPER,RHB,,,,Capped,75
252,36,FA4,Fazalhaq Farooqi,Afghanistan,24,BOWLER,RHB,LEFT ARM Fast Medium,SRH,0,Capped,200
253,36,FA4,Richard Gleeson,England,37,BOWLER,RHB,RIGHT ARM Fast,CSK,2,Capped,75
254,36,FA4,Matt Henry,New Zealand,33,BOWLER,RHB,RIGHT ARM Fast Medium,LSG,4,Capped,200
255,36,FA4,Alzarri Joseph,West Indies,28,BOWLER,RHB,RIGHT ARM Fast,RCB,3,Capped,200
256,36,FA4,Kwena Maphaka,South Africa,18,BOWLER,LHB,LEFT ARM Fast,MI,2,Capped,75
257,36,FA4,Kuldeep Sen,India,28,BOWLER,RHB,RIGHT ARM Fast,RR,3,Capped,75
258,36,FA4,Reece Topley,England,31,BOWLER,RHB,LEFT ARM Fast,RCB,4,Capped,75
259,36,FA4,Lizaad Williams,South Africa,31,BOWLER,LHB,RIGHT ARM Fast,DC,2,Capped,75
260,36,FA4,Luke Wood,England,29,BOWLER,LHB,LEFT ARM Fast,MI,2,Capped,75
261,37,UBA4,Sachin Dhas,India,20,BATTER,RHB,RIGHT ARM Off Spin,,,Uncapped,30
262,37,UBA4,Leus Du Plooy,England,30,BATTER,LHB,,,,Uncapped,50
263,37,UBA4,Ashwin Hebbar,India,29,BATTER,RHB,RIGHT ARM Medium,,,Uncapped,30
264,37,UBA4,Rohan Kunnummal,India,26,BATTER,RHB,RIGHT ARM Off Spin,,,Uncapped,30
265,37,UBA4,Ayush Pandey,India,21,BATTER,LHB,RIGHT ARM Off Spin,,,Uncapped,30
266,37,UBA4,Akshat Raghuwanshi,India,21,BATTER,RHB,,,,Uncapped,30
267,37,UBA4,Shoun Roger,India,22,BATTER,RHB,RIGHT ARM Off Spin,,,Uncapped,40
268,37,UBA4,Virat Singh,India,27,BATTER,LHB,RIGHT ARM Off Spin,,,Uncapped,30
269,38,UAL4,Priyansh Arya,India,23,ALL-ROUNDER,LHB,RIGHT ARM Off Spin,,,Uncapped,30
270,38,UAL4,Manoj Bhandage,India,26,ALL-ROUNDER,LHB,RIGHT ARM Fast Medium,RCB,0,Uncapped,30
271,38,UAL4,Pravin Dubey,India,31,ALL-ROUNDER,RHB,RIGHT ARM Leg Spin,DC,0,Uncapped,30
272,38,UAL4,Ajay Mandal,India,29,ALL-ROUNDER,LHB,LEFT ARM Slow Unorthodox,CSK,0,Uncapped,30
273,38,UAL4,Prerak Mankad,India,30,ALL-ROUNDER,RHB,RIGHT ARM Medium,LSG,0,Uncapped,30
274,38,UAL4,Vipraj Nigam,India,20,ALL-ROUNDER,RHB,RIGHT ARM Leg Spin,,,Uncapped,30
275,38,UAL4,Vicky Ostwal,India,22,ALL-ROUNDER,RHB,LEFT ARM Slow Orthodox,DC,0,Uncapped,30
276,38,UAL4,Shivalik Sharma,India,26,ALL-ROUNDER,LHB,RIGHT ARM Leg Spin,MI,0,Uncapped,30
277,39,UWK4,Salil Arora,India,22,WICKETKEEPER,RHB,,,,Uncapped,30
278,39,UWK4,Dinesh Bana,India,20,WICKETKEEPER,RHB,,,,Uncapped,30
279,39,UWK4,Ajitesh Guruswamy,India,22,WICKETKEEPER,RHB,,,,Uncapped,30
280,39,UWK4,Narayan Jagadeesan,India,29,WICKETKEEPER,RHB,,,,Uncapped,30
281,39,UWK4,Shrijith Krishnan,India,28,WICKETKEEPER,LHB,,,,Uncapped,30
282,39,UWK4,Michael Pepper,England,26,WICKETKEEPER,RHB,,,,Uncapped,50
283,39,UWK4,Vishnu Solanki,India,32,WICKETKEEPER,RHB,,,,Uncapped,30
284,40,UFA4,K.M Asif,India,31,BOWLER,RHB,RIGHT ARM Fast,,,Uncapped,30
285,40,UFA4,Akhil Chaudhary,India,22,BOWLER,RHB,RIGHT ARM Fast,,,Uncapped,30
286,40,UFA4,Himanshu Chauhan,India,22,BOWLER,RHB,RIGHT ARM Fast,,,Uncapped,30
287,40,UFA4,Arpit Guleria,India,27,BOWLER,RHB,RIGHT ARM Fast,,,Uncapped,30
288,40,UFA4,Nishanth Saranu,India,20,BOWLER,RHB,RIGHT ARM Fast Medium,,,Uncapped,30
289,40,UFA4,Kuldip Yadav,India,28,BOWLER,LHB,LEFT ARM Fast,,,Uncapped,30
290,40,UFA4,Prithviraj Yarra,India,27,BOWLER,LHB,LEFT ARM Fast,,,Uncapped,30
291,41,USP4,Shubham Agrawal,India,31,BOWLER,RHB,RIGHT ARM Leg Spin,,,Uncapped,30
292,41,USP4,Jass Inder Baidwan,India,28,BOWLER,RHB,RIGHT ARM Off Spin,,,Uncapped,30
293,41,USP4,Jasmer Dhankhar,India,26,BOWLER,RHB,RIGHT ARM Leg Spin,,,Uncapped,30
294,41,USP4,Pulkit Narang,India,30,BOWLER,RHB,RIGHT ARM Off Spin,,,Uncapped,30
295,41,USP4,Saumy Pandey,India,20,BOWLER,LHB,LEFT ARM Slow Orthodox,,,Uncapped,30
296,41,USP4,Mohit Rathee,India,26,BOWLER,RHB,RIGHT ARM Leg Spin,,,Uncapped,30
297,41,USP4,Himanshu Singh,India,21,BOWLER,RHB,RIGHT ARM Off Spin,,,Uncapped,30
298,42,BA5,Towhid Hridoy,Bangladesh,24,BATTER,RHB,RIGHT ARM Off Spin,,,Capped,75
299,42,BA5,Mikyle Louis,West Indies,24,BATTER,RHB,,,,Capped,75
300,42,BA5,Harry Tector,Ireland,25,BATTER,RHB,RIGHT ARM Off Spin,,,Capped,75
301,42,BA5,Rassie Van Der Dussen,South Africa,36,BATTER,RHB,RIGHT ARM Off Spin,,,Capped,200
302,42,BA5,Will Young,New Zealand,32,BATTER,RHB,,,,Capped,125
303,42,BA5,Najibullah Zadran,Afghanistan,32,BATTER,LHB,,,,Capped,75
304,42,BA5,Ibrahim Zadran,Afghanistan,24,BATTER,RHB,RIGHT ARM Medium,,,Capped,75
305,43,AL5,Sean Abbott,Australia,33,ALL-ROUNDER,RHB,RIGHT ARM Fast Medium,,,Capped,200
306,43,AL5,Jacob Bethell,England,21,ALL-ROUNDER,LHB       LEFT ARM Slow Orthodox,,,,Capped,125
307,43,AL5,Brydon Carse,England,29,ALL-ROUNDER,RHB,RIGHT ARM Fast,,,Capped,100
308,43,AL5,Aaron Hardie,Australia,26,ALL-ROUNDER,RHB,RIGHT ARM Medium,,,Capped,125
309,43,AL5,Sarfaraz Khan,India,27,ALL-ROUNDER,RHB,RIGHT ARM Leg Spin,,,Capped,75
310,43,AL5,Kyle Mayers,West Indies,32,ALL-ROUNDER,LHB,RIGHT ARM Fast Medium,LSG,0,Capped,150
311,43,AL5,Kamindu Mendis,Sri Lanka,26,ALL-ROUNDER,LHB,LEFT ARM Slow Orthodox,,,Capped,75
312,43,AL5,Matthew Short,Australia,29,ALL-ROUNDER,RHB,RIGHT ARM Off Spin,,,Capped,75
313,44,FA5,Jason Behrendorff,Australia,34,BOWLER,RHB,LEFT ARM Fast,MI,0,Capped,150
314,44,FA5,Dushmantha Chameera,Sri Lanka,33,BOWLER,RHB,RIGHT ARM Fast,LSG,1,Capped,75
315,44,FA5,Nathan Ellis,Australia,30,BOWLER,RHB,RIGHT ARM Fast Medium,PBKS,1,Capped,125
316,44,FA5,Shamar Joseph,West Indies,25,BOWLER,LHB,RIGHT ARM Fast,LSG,1,Capped,75
317,44,FA5,Josh Little,Ireland,25,BOWLER,RHB,LEFT ARM Fast Medium,GT,1,Capped,75
318,44,FA5,Shivam Mavi,India,26,BOWLER,RHB,RIGHT ARM Fast Medium,GT,0,Capped,75
319,44,FA5,Jhye Richardson,Australia,28,BOWLER,RHB,RIGHT ARM Fast,DC,1,Capped,150
320,44,FA5,Navdeep Saini,India,32,BOWLER,RHB,RIGHT ARM Fast,RR,0,Capped,75
321,45,UBA5,Tanmay Agarwal,India,29,BATTER,RHB,RIGHT ARM Leg Spin,,,Uncapped,30
322,45,UBA5,Amandeep Khare,India,27,BATTER,RHB,RIGHT ARM Off Spin,,,Uncapped,30
323,45,UBA5,Ayush Mhatre,India,17,BATTER,RHB,RIGHT ARM Off Spin,,,Uncapped,30
324,45,UBA5,Salman Nizar,India,27,BATTER,LHB,,,,Uncapped,30
325,45,UBA5,Aniket Verma,India,23,BATTER,RHB,,,,Uncapped,30
326,45,UBA5,Sumeet Verma,India,34,BATTER,RHB,RIGHT ARM Leg Spin,,,Uncapped,30
327,45,UBA5,Manan Vohra,India,31,BATTER,RHB,,,,Uncapped,30
328,45,UBA5,Samarth Vyas,India,29,BATTER,RHB,RIGHT ARM Leg Spin,,,Uncapped,30
329,46,UAL5,Raj Angad Bawa,India,22,ALL-ROUNDER,LHB,RIGHT ARM Fast Medium,,,Uncapped,30
330,46,UAL5,Emanjot Chahal,India,20,ALL-ROUNDER,RHB,LEFT ARM Slow Orthodox,,,Uncapped,30
331,46,UAL5,Musheer Khan,India,20,ALL-ROUNDER,RHB,LEFT ARM Slow Orthodox,,,Uncapped,30
332,46,UAL5,Manvanth Kumar L,India,21,ALL-ROUNDER,LHB,RIGHT ARM Fast Medium,,,Uncapped,30
333,46,UAL5,Mayank Rawat,India,25,ALL-ROUNDER,RHB,RIGHT ARM Off Spin,,,Uncapped,30
334,46,UAL5,Suryansh Shedge,India,22,ALL-ROUNDER,RHB,RIGHT ARM Fast Medium,,,Uncapped,30
335,46,UAL5,Hritik Shokeen,India,24,ALL-ROUNDER,RHB,RIGHT ARM Off Spin,,,Uncapped,30
336,46,UAL5,Sonu Yadav,India,25,ALL-ROUNDER,RHB,RIGHT ARM Fast Medium,,,Uncapped,30
337,47,UWK5,S. Rithik Easwaran,India,23,WICKETKEEPER,LHB,,,,Uncapped,30
338,47,UWK5,Anmol Malhotra,India,29,WICKETKEEPER,RHB,RIGHT ARM Off Spin,,,Uncapped,30
339,47,UWK5,Pradosh Paul,India,24,WICKETKEEPER,LHB,RIGHT ARM Off Spin,,,Uncapped,30
340,47,UWK5,Karteek Sharma,India,23,WICKETKEEPER,LHB,RIGHT ARM Off Spin,,,Uncapped,30
341,47,UWK5,Akash Singh,India,29,WICKETKEEPER,RHB,RIGHT ARM Leg Spin,,,Uncapped,30
342,47,UWK5,Tejasvi Singh,India,22,WICKETKEEPER,RHB,RIGHT ARM Off Spin,,,Uncapped,30
343,47,UWK5,Siddharth Yadav,India,21,WICKETKEEPER,LHB,RIGHT ARM Medium,,,Uncapped,30
344,48,UFA5,Saurabh Dubey,India,27,BOWLER,RHB,LEFT ARM Fast Medium,,,Uncapped,30
345,48,UFA5,Aaqib Khan,India,21,BOWLER,RHB,RIGHT ARM Fast Medium,,,Uncapped,30
346,48,UFA5,Kulwant Khejroliya,India,33,BOWLER,LHB,LEFT ARM Fast Medium,,,Uncapped,30
347,48,UFA5,Ankit Singh Rajpoot,India,31,BOWLER,RHB,RIGHT ARM Fast Medium,,,Uncapped,30
348,48,UFA5,Divesh Sharma,India,23,BOWLER,RHB,RIGHT ARM Fast,,,Uncapped,30
349,48,UFA5,Naman Tiwari,India,19,BOWLER,LHB,LEFT ARM Fast,,,Uncapped,30
350,48,UFA5,Prince Yadav,India,23,BOWLER,RHB,RIGHT ARM Fast,,,Uncapped,30
351,49,USP5,Kunal Singh Chibb,India,28,BOWLER,RHB,RIGHT ARM Leg Spin,,,Uncapped,30
352,49,USP5,Yuvraj Chudasama,India,29,BOWLER,LHB,RIGHT ARM Leg Spin,,,Uncapped,30
353,49,USP5,Deepak Devadiga,India,25,BOWLER,RHB,RIGHT ARM Leg Spin,,,Uncapped,30
354,49,USP5,Ramesh Prasad,India,31,BOWLER,LHB,LEFT ARM Slow Orthodox,,,Uncapped,30
355,49,USP5,Shivam Shukla,India,29,BOWLER,RHB,RIGHT ARM Leg Spin,,,Uncapped,30
356,49,USP5,Himanshu Singh,India,27,BOWLER,RHB,RIGHT ARM Leg Spin,,,Uncapped,30
357,49,USP5,Tejpreet Singh,India,24,BOWLER,RHB,RIGHT ARM Leg Spin,,,Uncapped,30
358,50,AL6,Qais Ahmad,Afghanistan,24,ALL-ROUNDER,RHB,RIGHT ARM Leg Spin,,,Capped,75
359,50,AL6,Charith Asalanka,Sri Lanka,27,ALL-ROUNDER,LHB,RIGHT ARM Off Spin,,,Capped,75
360,50,AL6,Michael Bracewell,New Zealand,34,ALL-ROUNDER,LHB,RIGHT ARM Off Spin,,,Capped,150
361,50,AL6,Gudakesh Motie,West Indies,30,ALL-ROUNDER,LHB,LEFT ARM Slow Orthodox,,,Capped,75
362,50,AL6,Daniel Mousley,England,23,ALL-ROUNDER,LHB,RIGHT ARM Off Spin,,,Capped,75
363,50,AL6,Jamie Overton,England,41,ALL-ROUNDER,RHB,RIGHT ARM Fast,,,Capped,150
364,50,AL6,Dunith Wellalage,Sri Lanka,22,ALL-ROUNDER,LHB,LEFT ARM Slow Orthodox,,,Capped,75
365,51,FA6,Ottneil Baartman,South Africa,32,BOWLER,RHB,RIGHT ARM Fast Medium,,,Capped,75
366,51,FA6,Xavier Bartlett,Australia,26,BOWLER,RHB,RIGHT ARM Fast Medium,,,Capped,75
367,51,FA6,Dilshan Madushanka,Sri Lanka,24,BOWLER,RHB,LEFT ARM Fast,MI,0,Capped,75
368,51,FA6,Adam Milne,New Zealand,32,BOWLER,RHB,RIGHT ARM Fast,,,Capped,200
369,51,FA6,Lungisani Ngidi,South Africa,29,BOWLER,RHB,RIGHT ARM Fast Medium,DC,0,Capped,100
370,51,FA6,William O'Rourke,New Zealand,23,BOWLER,RHB,RIGHT ARM Fast,,,Capped,150
371,51,FA6,Chetan Sakariya,India,27,BOWLER,LHB,LEFT ARM Medium,KKR,0,Capped,75
372,51,FA6,Sandeep Warrier,India,34,BOWLER,RHB,RIGHT ARM Fast Medium,,,Capped,75
373,52,UBA6,Musaif Ajaz,India,22,BATTER,RHB,LEFT ARM Slow Orthodox,,,Uncapped,30
374,52,UBA6,Agni Chopra,India,26,BATTER,LHB,,,,Uncapped,30
375,52,UBA6,Abhimanyu Easwaran,India,29,BATTER,RHB,RIGHT ARM Leg Spin,,,Uncapped,30
376,52,UBA6,Sudip Gharami,India,26,BATTER,RHB,,,,Uncapped,30
377,52,UBA6,Shubham Khajuria,India,29,BATTER,RHB,RIGHT ARM Off Spin,,,Uncapped,30
378,52,UBA6,Akhil Rawat,India,24,BATTER,RHB,,,,Uncapped,30
379,52,UBA6,Prateek Yadav,India,26,BATTER,LHB,RIGHT ARM Off Spin,,,Uncapped,30
380,53,UAL6,Abdul Bazith,India,26,ALL-ROUNDER,RHB,RIGHT ARM Off Spin,,,Uncapped,30
381,53,UAL6,K.C Cariappa,India,30,ALL-ROUNDER,RHB,RIGHT ARM Leg Spin,,,Uncapped,30
382,53,UAL6,Yuvraj Chaudhary,India,23,ALL-ROUNDER,LHB,LEFT ARM Slow Orthodox,,,Uncapped,30
383,53,UAL6,Aman Khan,India,28,ALL-ROUNDER,RHB,RIGHT ARM Fast Medium,,,Uncapped,30
384,53,UAL6,Sumit Kumar,India,29,ALL-ROUNDER,RHB,RIGHT ARM Fast Medium,,,Uncapped,30
385,53,UAL6,Kamlesh Nagarkoti,India,25,ALL-ROUNDER,RHB,RIGHT ARM Fast,,,Uncapped,30
386,53,UAL6,Hardik Raj,India,19,ALL-ROUNDER,LHB,LEFT ARM Slow Orthodox,,,Uncapped,30
387,53,UAL6,Harsh Tyagi,India,25,ALL-ROUNDER,LHB,LEFT ARM Slow Orthodox,,,Uncapped,30
388,54,UWK6,M. Ajnas,India,27,WICKETKEEPER,RHB,RIGHT ARM Off Spin,,,Uncapped,30
389,54,UWK6,Unmukt Chand,USA,32,WICKETKEEPER,RHB,,,,Associate,30
390,54,UWK6,Tejasvi Dahiya,India,22,WICKETKEEPER,RHB,,,,Uncapped,30
391,54,UWK6,Sumit Ghadigaonkar,India,32,WICKETKEEPER,RHB,,,,Uncapped,30
392,54,UWK6,Baba Indrajith,India,30,WICKETKEEPER,RHB,RIGHT ARM Off Spin,,,Uncapped,30
393,54,UWK6,Muhammed Khan,India,24,WICKETKEEPER,RHB,RIGHT ARM Off Spin,,,Uncapped,30
394,54,UWK6,Bhagmender Lather,India,27,WICKETKEEPER,LHB,LEFT ARM Slow Orthodox,,,Uncapped,30
395,55,UFA6,Baltej Dhanda,India,34,BOWLER,RHB,RIGHT ARM Fast Medium,,,Uncapped,30
396,55,UFA6,Ali Khan,USA,34,BOWLER,RHB,RIGHT ARM Fast,,,Associate,30
397,55,UFA6,Ravi Kumar,India,21,BOWLER,LHB,LEFT ARM Fast Medium,,,Uncapped,30
398,55,UFA6,Vineet Panwar,India,26,BOWLER,RHB,RIGHT ARM Fast,,,Uncapped,30
399,55,UFA6,Vidyadhar Patil,India,24,BOWLER,RHB,RIGHT ARM Fast Medium,,,Uncapped,30
400,55,UFA6,Aradhya Shukla,India,20,BOWLER,RHB,RIGHT ARM Fast,,,Uncapped,30
401,55,UFA6,Abhinandan Singh,India,28,BOWLER,RHB,RIGHT ARM Fast Medium,,,Uncapped,30
402,56,AL7,Cooper Connolly,Australia,21,ALL-ROUNDER,LHB,LEFT ARM Slow Orthodox,,,Capped,75
403,56,AL7,Dushan Hemantha,Sri Lanka,30,ALL-ROUNDER,RHB,RIGHT ARM Leg Spin,,,Capped,75
404,56,AL7,Jason Holder,West Indies,33,ALL-ROUNDER,RHB,RIGHT ARM Fast,,,Capped,200
405,56,AL7,Karim Janat,Afghanistan,26,ALL-ROUNDER,RHB,RIGHT ARM Fast Medium,,,Capped,75
406,56,AL7,Jimmy Neesham,New Zealand,34,ALL-ROUNDER,LHB,RIGHT ARM Fast Medium,,,Capped,150
407,56,AL7,Daniel Sams,Australia,32,ALL-ROUNDER,RHB,LEFT ARM Fast,,,Capped,150
408,56,AL7,William Sutherland,Australia,25,ALL-ROUNDER,RHB,RIGHT ARM Fast,,,Capped,75
409,57,FA7,Taskin Ahmed,Bangladesh,30,BOWLER,LHB,RIGHT ARM Fast,,,Capped,100
410,57,FA7,Ben Dwarshuis,Australia,30,BOWLER,LHB,LEFT ARM Fast,,,Capped,75
411,57,FA7,Obed McCoy,West Indies,28,BOWLER,RHB,LEFT ARM Fast,,,Capped,125
412,57,FA7,Riley Meredith,Australia,28,BOWLER,RHB,RIGHT ARM Fast,,,Capped,150
413,57,FA7,Lance Morris,Australia,27,BOWLER,RHB,RIGHT ARM Fast,,,Capped,125
414,57,FA7,Olly Stone,England,31,BOWLER,RHB,RIGHT ARM Fast,,,Capped,75
415,57,FA7,Daniel Worrall,England,33,BOWLER,RHB,RIGHT ARM Fast Medium,,,Capped,150
416,58,UBA7,Pyla Avinash,India,24,BATTER,RHB,RIGHT ARM Fast Medium,,,Uncapped,30
417,58,UBA7,Kiran Chormale,India,19,BATTER,RHB,RIGHT ARM Off Spin,,,Uncapped,30
418,58,UBA7,Ashish Dahariya,India,20,BATTER,RHB,RIGHT ARM Leg Spin,,,Uncapped,30
419,58,UBA7,Tushar Raheja,India,24,BATTER,LHB,,,,Uncapped,30
420,58,UBA7,Sarthak Ranjan,India,28,BATTER,RHB,RIGHT ARM Off Spin,,,Uncapped,30
421,58,UBA7,Abhijeet Tomar,India,30,BATTER,RHB,RIGHT ARM Off Spin,,,Uncapped,30
422,59,UAL7,Krish Bhagat,India,20,ALL-ROUNDER,RHB,RIGHT ARM Fast Medium,,,Uncapped,30
423,59,UAL7,Sohraab Dhaliwal,India,33,ALL-ROUNDER,RHB,LEFT ARM Slow Orthodox,,,Uncapped,30
424,59,UAL7,Harsh Dubey,India,22,ALL-ROUNDER,LHB,LEFT ARM Slow Orthodox,,,Uncapped,30
425,59,UAL7,Ramakrishna Ghosh,India,27,ALL-ROUNDER,RHB,RIGHT ARM Fast,,,Uncapped,30
426,59,UAL7,Raj Limbani,India,20,ALL-ROUNDER,LHB,RIGHT ARM Fast Medium,,,Uncapped,30
427,59,UAL7,Ninad Rathva,India,26,ALL-ROUNDER,LHB,LEFT ARM Slow Orthodox,,,Uncapped,30
428,59,UAL7,Vivrant Sharma,India,25,ALL-ROUNDER,LHB,RIGHT ARM Leg Spin,,,Uncapped,30
429,59,UAL7,Shiva Singh,India,25,ALL-ROUNDER,RHB,LEFT ARM Slow Orthodox,,,Uncapped,30
430,60,UFA7,Sayed Irfan Aftab,India,21,BOWLER,RHB,RIGHT ARM Fast,,,Uncapped,30
431,60,UFA7,Anirudh Chowdhary,India,25,BOWLER,LHB,RIGHT ARM Fast Medium,,,Uncapped,30
432,60,UFA7,Anshuman Hooda,India,24,BOWLER,RHB,RIGHT ARM Fast,,,Uncapped,30
433,60,UFA7,Siddharth Kaul,India,34,BOWLER,RHB,RIGHT ARM Fast Medium,,,Uncapped,40
434,60,UFA7,Prashant Sai Painkra,India,22,BOWLER,RHB,RIGHT ARM Fast Medium,,,Uncapped,30
435,60,UFA7,Venkata Satyanarayana Penmetsa,India,25,BOWLER,RHB,RIGHT ARM Fast Medium,,,Uncapped,30
436,60,UFA7,Yeddala Reddy,India,25,BOWLER,RHB,RIGHT ARM Fast,,,Uncapped,30
437,61,AL8,Zak Foulkes,New Zealand,22,ALL-ROUNDER,RHB,RIGHT ARM Medium,,,Capped,75
438,61,AL8,Chris Green,Australia,31,ALL-ROUNDER,RHB,RIGHT ARM Off Spin,,,Capped,100
439,61,AL8,Shakib Al Hasan,Bangladesh,38,ALL-ROUNDER,LHB,LEFT ARM Slow Orthodox,,,Capped,100
440,61,AL8,Mehidy Hasan Miraz,Bangladesh,27,ALL-ROUNDER,RHB,RIGHT ARM Off Spin,,,Capped,100
441,61,AL8,Wiaan Mulder,South Africa,27,ALL-ROUNDER,RHB,RIGHT ARM Medium,,,Capped,75
442,61,AL8,Dwaine Pretorius,South Africa,36,ALL-ROUNDER,RHB,RIGHT ARM Fast Medium,,,Capped,75
443,61,AL8,Dasun Shanaka,Sri Lanka,33,ALL-ROUNDER,RHB,RIGHT ARM Fast,,,Capped,75
444,62,FA8,Shoriful Islam,Bangladesh,23,BOWLER,LHB,LEFT ARM Fast Medium,,,Capped,75
445,62,FA8,Blessing Muzarabani,Zimbabwe,28,BOWLER,RHB,RIGHT ARM Fast,,,Capped,75
446,62,FA8,Matthew Potts,England,26,BOWLER,RHB,RIGHT ARM Fast Medium,,,Capped,150
447,62,FA8,Tanzim Hasan Sakib,Bangladesh,22,BOWLER,RHB,RIGHT ARM Fast,,,Capped,75
448,62,FA8,Benjamin Sears,New Zealand,27,BOWLER,RHB,RIGHT ARM Fast,,,Capped,100
449,62,FA8,Tim Southee,New Zealand,36,BOWLER,RHB,RIGHT ARM Fast Medium,,,Capped,150
450,62,FA8,John Turner,England,23,BOWLER,RHB,RIGHT ARM Fast,,,Capped,150
451,63,UBA8,Joshua Brown,Australia,31,BATTER,RHB,RIGHT ARM Off Spin,,,Uncapped,30
452,63,UBA8,Oliver Davies,Australia,24,BATTER,RHB,RIGHT ARM Off Spin,,,Uncapped,30
453,63,UBA8,Bevan John Jacobs,New Zealand,22,BATTER,RHB,RIGHT ARM Fast Medium,,,Uncapped,30
454,63,UBA8,Atharva Kale,India,25,BATTER,RHB,RIGHT ARM Leg Spin,,,Uncapped,30
455,63,UBA8,Abhishek Nair,India,20,BATTER,RHB,RIGHT ARM Off Spin,,,Uncapped,30
456,63,UBA8,Vishwanath Pratap Singh,India,26,BATTER,RHB,RIGHT ARM Off Spin,,,Uncapped,30
457,64,UAL8,Nasir Lone,India,27,ALL-ROUNDER,RHB,RIGHT ARM Fast Medium,,,Uncapped,30
458,64,UAL8,Brandon McMullen,Scotland,25,ALL-ROUNDER,RHB,RIGHT ARM Medium,,,Associate,30
459,64,UAL8,S. Midhun,India,30,ALL-ROUNDER,RHB,RIGHT ARM Leg Spin,,,Uncapped,30
460,64,UAL8,Abid Mushtaq,India,28,ALL-ROUNDER,LHB,LEFT ARM Slow Orthodox,,,Uncapped,30
461,64,UAL8,Mahesh Pithiya,India,23,ALL-ROUNDER,RHB,RIGHT ARM Off Spin,,,Uncapped,30
462,64,UAL8,Maramreddy Reddy,India,22,ALL-ROUNDER,RHB,RIGHT ARM Leg Spin,,,Uncapped,30
463,64,UAL8,Atit Sheth,India,29,ALL-ROUNDER,RHB,RIGHT ARM Fast Medium,,,Uncapped,30
464,64,UAL8,Jonty Sidhu,India,27,ALL-ROUNDER,LHB,RIGHT ARM Off Spin,,,Uncapped,30
465,65,UFA8,Mohit Avasthi,India,32,BOWLER,RHB,RIGHT ARM Fast Medium,,,Uncapped,30
466,65,UFA8,Faridoon Dawoodzai,Afghanistan,19,BOWLER,LHB,LEFT ARM Fast Medium,,,Uncapped,30
467,65,UFA8,Praful Hinge,India,23,BOWLER,RHB,RIGHT ARM Fast,,,Uncapped,30
468,65,UFA8,Pankaj Jaswal,India,29,BOWLER,RHB,RIGHT ARM Fast,,,Uncapped,30
469,65,UFA8,Vijay Kumar,India,19,BOWLER,RHB,RIGHT ARM Fast,,,Uncapped,30
470,65,UFA8,Ashok Sharma,India,22,BOWLER,RHB,RIGHT ARM Fast,,,Uncapped,30
471,65,UFA8,Mujtaba Yousuf,India,22,BOWLER,LHB,LEFT ARM Fast Medium,,,Uncapped,30
472,66,AL9,Ashton Agar,Australia,31,ALL-ROUNDER,LHB,LEFT ARM Slow Orthodox,,,Capped,125
473,66,AL9,Roston Chase,West Indies,33,ALL-ROUNDER,RHB,RIGHT ARM Off Spin,,,Capped,75
474,66,AL9,Junior Dala,South Africa,35,ALL-ROUNDER,RHB,RIGHT ARM Fast,,,Capped,75
475,66,AL9,Mahedi Hasan,Bangladesh,30,ALL-ROUNDER,RHB,RIGHT ARM Off Spin,,,Capped,75
476,66,AL9,Nangeyalia Kharote,Afghanistan,20,ALL-ROUNDER,LHB,LEFT ARM Slow Orthodox,,,Capped,75
477,66,AL9,Dan Lawrence,England,27,ALL-ROUNDER,RHB,RIGHT ARM Off Spin,,,Capped,100
478,66,AL9,Nathan Smith,New Zealand,26,ALL-ROUNDER,RHB,RIGHT ARM Fast,,,Capped,100
479,67,FA9,James Anderson,England,42,BOWLER,LHB,RIGHT ARM Fast,,,Capped,125
480,67,FA9,Kyle Jamieson,New Zealand,30,BOWLER,RHB,RIGHT ARM Fast,,,Capped,150
481,67,FA9,Chris Jordan,England,36,BOWLER,RHB,RIGHT ARM Fast,,,Capped,200
482,67,FA9,Hasan Mahmud,Bangladesh,28,BOWLER,RHB,RIGHT ARM Fast Medium,,,Capped,75
483,67,FA9,Tymal Mills,England,32,BOWLER,RHB,LEFT ARM Fast,,,Capped,200
484,67,FA9,David Payne,England,34,BOWLER,RHB,LEFT ARM Fast Medium,,,Capped,100
485,67,FA9,Nahid Rana,Bangladesh,22,BOWLER,RHB,RIGHT ARM Fast,,,Capped,75
486,68,UBA9,Prayas Ray Barman,India,22,BATTER,RHB,RIGHT ARM Off Spin,,,Uncapped,30
487,68,UBA9,Jafar Jamal,India,35,BATTER,RHB,RIGHT ARM Off Spin,,,Uncapped,30
488,68,UBA9,Ayaz Khan,India,22,BATTER,LHB,LEFT ARM Slow Orthodox,,,Uncapped,30
489,68,UBA9,Kaushik Maity,India,25,BATTER,RHB,LEFT ARM Slow Orthodox,,,Uncapped,30
490,68,UBA9,Rituraj Sharma,India,22,BATTER,LHB,RIGHT ARM Off Spin,,,Uncapped,30
491,68,UBA9,Vaibhav Suryavanshi,India,14,BATTER,LHB,LEFT ARM Slow Orthodox,,,Uncapped,30
492,69,UAL9,Kartik Chadha,India,21,ALL-ROUNDER,LHB,RIGHT ARM Leg Spin,,,Uncapped,30
493,69,UAL9,Writtick Chatterjee,India,32,ALL-ROUNDER,RHB,RIGHT ARM Off Spin,,,Uncapped,30
494,69,UAL9,Prerit Dutta,India,26,ALL-ROUNDER,LHB,LEFT ARM Slow Orthodox,,,Uncapped,30
495,69,UAL9,Rajneesh Gurbani,India,32,ALL-ROUNDER,RHB,RIGHT ARM Fast Medium,,,Uncapped,30
496,69,UAL9,Shubhang Hegde,India,24,ALL-ROUNDER,LHB,LEFT ARM Slow Orthodox,,,Uncapped,30
497,69,UAL9,Saransh Jain,India,32,ALL-ROUNDER,LHB,RIGHT ARM Off Spin,,,Uncapped,30
498,69,UAL9,Ripal Patel,India,29,ALL-ROUNDER,RHB,RIGHT ARM Medium,,,Uncapped,30
499,69,UAL9,Akash Vashisht,India,30,ALL-ROUNDER,LHB,LEFT ARM Slow Orthodox,,,Uncapped,30
500,70,UFA9,Anirudh Kanwar,India,31,BOWLER,RHB,RIGHT ARM Fast,,,Uncapped,30
501,70,UFA9,Shubham Kapse,India,30,BOWLER,RHB,RIGHT ARM Fast Medium,,,Uncapped,30
502,70,UFA9,Atif Mushtaq,India,22,BOWLER,LHB,RIGHT ARM Fast,,,Uncapped,30
503,70,UFA9,Dipesh Parwani,India,25,BOWLER,LHB,LEFT ARM Fast Medium,,,Uncapped,30
504,70,UFA9,Manish Reddy,India,26,BOWLER,RHB,RIGHT ARM Fast Medium,,,Uncapped,30
505,70,UFA9,Chetan Sharma,India,19,BOWLER,RHB,RIGHT ARM Fast Medium,,,Uncapped,30
506,70,UFA9,Avinash Singh,India,26,BOWLER,RHB,RIGHT ARM Fast,,,Uncapped,30
507,72,AL10,Alick Athanaze,West Indies,26,ALL-ROUNDER,LHB,RIGHT ARM Off Spin,,,Capped,75
508,72,AL10,Hilton Cartwright,Australia,33,ALL-ROUNDER,RHB,RIGHT ARM Medium,,,Capped,75
509,72,AL10,Dominic Drakes,West Indies,27,ALL-ROUNDER,LHB,LEFT ARM Fast,,,Capped,125
510,72,FA10,Daryn Dupavillon,South Africa,30,BOWLER,RHB,RIGHT ARM Fast,,,Capped,75
511,72,AL10,Matthew Forde,West Indies,22,ALL-ROUNDER,RHB,RIGHT ARM Fast Medium,,,Capped,125
512,72,AL10,Patrick Kruger,South Africa,30,ALL-ROUNDER,RHB,RIGHT ARM Fast Medium,,,Capped,75
513,72,FA10,Lahiru Kumara,Sri Lanka,28,BOWLER,LHB,RIGHT ARM Fast,,,Capped,75
514,72,AL10,Michael Neser,Australia,35,ALL-ROUNDER,RHB,RIGHT ARM Fast Medium,,,Capped,75
515,72,FA10,Richard Ngarava,Zimbabwe,27,BOWLER,LHB,LEFT ARM Fast Medium,,,Capped,75
516,72,FA10,Wayne Parnell,South Africa,35,BOWLER,LHB,LEFT ARM Fast Medium,,,Capped,100
517,72,AL10,Keemo Paul,West Indies,27,ALL-ROUNDER,RHB,RIGHT ARM Fast,,,Capped,125
518,72,AL10,Odean Smith,West Indies,28,ALL-ROUNDER,RHB,RIGHT ARM Medium,,,Capped,75
519,72,FA10,Andrew Tye,Australia,38,BOWLER,RHB,RIGHT ARM Fast Medium,,,Capped,75
520,73,UAL10,Ajay Ahlawat,India,27,ALL-ROUNDER,LHB,LEFT ARM Fast,,,Uncapped,40
521,73,UAL10,Corbin Bosch,South Africa,30,ALL-ROUNDER,RHB,RIGHT ARM Fast,,,Uncapped,30
522,73,UAL10,Mayank Gusain,India,23,ALL-ROUNDER,RHB,RIGHT ARM Fast,,,Uncapped,30
523,73,UAL10,Mukhtar Hussain,India,26,ALL-ROUNDER,RHB,RIGHT ARM Fast Medium,,,Uncapped,30
524,73,UAL10,Girinath Reddy,India,26,ALL-ROUNDER,RHB,RIGHT ARM Fast Medium,,,Uncapped,30
525,73,UAL10,Jalaj Saxena,India,38,ALL-ROUNDER,RHB,RIGHT ARM Off Spin,,,Uncapped,40
526,73,UAL10,Yajas Sharma,India,19,ALL-ROUNDER,RHB,RIGHT ARM Off Spin,,,Uncapped,30
527,73,UAL10,Sanjay Yadav,India,29,ALL-ROUNDER,LHB,LEFT ARM Slow Orthodox,,,Uncapped,30
528,74,UFA10,Vishal Godara,India,22,BOWLER,LHB,RIGHT ARM Medium,,,Uncapped,30
529,74,UFA10,Eshan Malinga,Sri Lanka,24,BOWLER,LHB,RIGHT ARM Fast,,,Uncapped,30
530,74,UFA10,Samarth Nagraj,India,19,BOWLER,RHB,RIGHT ARM Fast,,,Uncapped,30
531,74,UFA10,Abhishek Saini,India,26,BOWLER,RHB,RIGHT ARM Fast,,,Uncapped,30
532,74,UFA10,Dumindu Sewmina,Sri Lanka,20,BOWLER,RHB,RIGHT ARM Medium,,,Uncapped,30
533,74,UFA10,Pradyuman Kumar Singh,India,23,BOWLER,RHB,RIGHT ARM Fast,,,Uncapped,30
534,74,UFA10,Vasu Vats,India,22,BOWLER,RHB,RIGHT ARM Fast,,,Uncapped,30
535,75,UAL11,Umang Kumar,India,24,ALL-ROUNDER,RHB,RIGHT ARM Off Spin,,,Uncapped,30
536,75,UAL11,Mohamed Ali,India,20,ALL-ROUNDER,RHB,RIGHT ARM Off Spin,,,Uncapped,30
537,75,UAL11,Atharva Ankolekar,India,24,ALL-ROUNDER,LHB,LEFT ARM Slow Orthodox,,,Uncapped,30
538,75,UAL11,Vaisakh Chandran,India,28,ALL-ROUNDER,RHB,RIGHT ARM Off Spin,,,Uncapped,30
539,75,UAL11,Auqib Dar,India,28,ALL-ROUNDER,RHB,RIGHT ARM Fast Medium,,,Uncapped,30
540,75,UAL11,Rohit Rayudu,India,30,ALL-ROUNDER,LHB,RIGHT ARM Off Spin,,,Uncapped,30
541,75,UAL11,Uday Saharan,India,20,ALL-ROUNDER,RHB,RIGHT ARM Off Spin,,,Uncapped,30
542,75,UAL11,Ayush Vartak,India,20,ALL-ROUNDER,RHB,RIGHT ARM Fast Medium,,,Uncapped,30
543,76,UAL12,Baba Aparajith,India,30,ALL-ROUNDER,RHB,RIGHT ARM Off Spin,,,Uncapped,30
544,76,UAL12,Sumit Kumar Beniwal,India,25,ALL-ROUNDER,RHB,RIGHT ARM Fast,,,Uncapped,30
545,76,UAL12,Nishunk Birla,India,20,ALL-ROUNDER,RHB,LEFT ARM Slow Orthodox,,,Uncapped,30
546,76,UAL12,Digvijay Deshmukh,India,26,ALL-ROUNDER,RHB,RIGHT ARM Fast Medium,,,Uncapped,30
547,76,UAL12,Lakshay Jain,India,22,ALL-ROUNDER,LHB,RIGHT ARM Off Spin,,,Uncapped,30
548,76,UAL12,Duan Jansen,South Africa,24,ALL-ROUNDER,RHB,LEFT ARM Fast,,,Uncapped,30
549,76,UAL12,Kritagya Singh,India,24,ALL-ROUNDER,LHB,LEFT ARM Slow Orthodox,,,Uncapped,30
550,76,UAL12,P. Vignesh,India,20,ALL-ROUNDER,LHB,LEFT ARM Slow Orthodox,,,Uncapped,30
551,77,UAL13,Sabhay Chadha,India,26,ALL-ROUNDER,RHB,RIGHT ARM Fast Medium,,,Uncapped,30
552,77,UAL13,Ben Howell,England,36,ALL-ROUNDER,RHB,RIGHT ARM Leg Spin,,,Uncapped,50
553,77,UAL13,Hemanth Kumar,India,20,ALL-ROUNDER,LHB,LEFT ARM Slow Orthodox,,,Uncapped,30
554,77,UAL13,Rohan Rana,India,23,ALL-ROUNDER,RHB,RIGHT ARM Fast,,,Uncapped,30
555,77,UAL13,Bharat Sharma,India,29,ALL-ROUNDER,RHB,RIGHT ARM Off Spin,,,Uncapped,30
556,77,UAL13,Pratham Singh,India,32,ALL-ROUNDER,LHB,RIGHT ARM Off Spin,,,Uncapped,30
557,77,UAL13,Tripurana Vijay,India,23,ALL-ROUNDER,RHB,RIGHT ARM Off Spin,,,Uncapped,30
558,77,UAL13,Ravi Yadav,India,27,ALL-ROUNDER,RHB,RIGHT ARM Leg Spin,,,Uncapped,30
559,78,UAL14,Arjun Azad,India,23,ALL-ROUNDER,RHB,RIGHT ARM Leg Spin,,,Uncapped,30
560,78,UAL14,Abhay Choudhary,India,22,ALL-ROUNDER,RHB,RIGHT ARM Leg Spin,,,Uncapped,30
561,78,UAL14,Gaurav Gambhir,India,37,ALL-ROUNDER,RHB,RIGHT ARM Off Spin,,,Uncapped,30
562,78,UAL14,Shubham Garhwal,India,29,ALL-ROUNDER,LHB,LEFT ARM Slow Orthodox,,,Uncapped,30
563,78,UAL14,Tejasvi Jaiswal,India,28,ALL-ROUNDER,LHB,RIGHT ARM Fast,,,Uncapped,30
564,78,UAL14,Sairaj Patil,India,28,ALL-ROUNDER,RHB,RIGHT ARM Fast Medium,,,Uncapped,30
565,78,UAL14,Madhav Tiwari,India,21,ALL-ROUNDER,RHB,RIGHT ARM Fast Medium,,,Uncapped,30
566,78,UAL14,Kamal Tripathi,India,26,ALL-ROUNDER,RHB,RIGHT ARM Off Spin,,,Uncapped,30
567,79,UAL15,Prashant Chauhan,India,24,ALL-ROUNDER,LHB,LEFT ARM Slow Orthodox,,,Uncapped,30
568,79,UAL15,Yash Dabas,India,20,ALL-ROUNDER,RHB,RIGHT ARM Fast Medium,,,Uncapped,30
569,79,UAL15,Dhruv Kaushik,India,24,ALL-ROUNDER,RHB,RIGHT ARM Off Spin,,,Uncapped,30
570,79,UAL15,Khrievitso Kense,India,21,ALL-ROUNDER,RHB,RIGHT ARM Leg Spin,,,Uncapped,30
571,79,UAL15,Akash Parkar,India,30,ALL-ROUNDER,RHB,RIGHT ARM Medium,,,Uncapped,30
572,79,UAL15,Vignesh Puthur,India,24,ALL-ROUNDER,RHB,LEFT ARM Slow Unorthodox,,,Uncapped,30
573,79,UAL15,Tripuresh Singh,India,22,ALL-ROUNDER,RHB,RIGHT ARM Medium,,,Uncapped,30
574,79,UAL15,Vijay Yadav,India,23,ALL-ROUNDER,RHB,RIGHT ARM Off Spin,,,Uncapped,30
